{
  "database_info": {
    "name": "Global Media Database",
    "version": "3.0",
    "created": "2025-11-08",
    "updated": "2025-11-18",
    "purpose": "Comprehensive global news sources for Claude news-intelligence skill",
    "total_sources": 154,
    "creator": "Mother Of Chaos",
    "status": "Complete - Ready for Claude Skill"
  },

  "political_lean_legend": {
    "L": "Left",
    "LL": "Lean Left / Left-Center",
    "C": "Center / Least Biased",
    "LR": "Lean Right / Right-Center",
    "R": "Right",
    "SG": "State-Guided / Government Controlled",
    "M": "Mixed (varies by section/program)",
    "N/A": "Not applicable (specialty/arts content)"
  },

  "credibility_ratings": {
    "high": "Rigorous fact-checking, transparent corrections, strong editorial standards",
    "medium": "Generally reliable but occasional lapses",
    "mixed": "Quality varies significantly",
    "low": "Frequent inaccuracies",
    "propaganda": "State-controlled narrative"
  },

  "legitimacy_criteria": {
    "tier_1": "Automatic inclusion - Established outlets 50+ years, major awards, paper of record status, IFCN certification",
    "tier_2": "Credentialed individuals - Professional journalism background, verified credentials",
    "tier_3": "Emerging quality - Transparent practices, documented fact-checking"
  },

  "usage_notes": {
    "for_claude_skill": "Cross-reference articles from different political leans and regions. Prioritize high credibility. Use geographic diversity to avoid Western-centric bias.",
    "fact_checking_method": "1) Identify claims 2) Search across political spectrum 3) Check consistency 4) Flag opinion vs fact 5) Note disagreements",
    "bias_handling": "Political lean ≠ unreliable. High credibility sources with clear lean are valuable for understanding perspectives."
  },

  "global_news_agencies": [
    {
      "name": "Associated Press (AP)",
      "type": "news_agency",
      "url": "https://apnews.com",
      "political_lean": "L",
      "credibility": "high",
      "founded": 1846,
      "countries": "global",
      "languages": ["en", "es"],
      "specialty": "Breaking news, wire service, global coverage",
      "notes": "Moved from Lean Left to Left (Nov 2024). Cooperative owned by member newspapers. Pulitzer Prize winner. IFCN certified fact-checker.",
      "tier": 1
    },
    {
      "name": "Reuters",
      "type": "news_agency",
      "url": "https://www.reuters.com",
      "political_lean": "C",
      "credibility": "high",
      "founded": 1851,
      "countries": "global",
      "languages": ["en", "es", "fr", "de", "it", "pt", "ar", "zh", "ja", "ko"],
      "specialty": "Financial news, international breaking news, wire service",
      "notes": "One of 'Big Three' global agencies. Owned by Thomson Reuters. Multiple Pulitzer Prizes. Reuters Fact Check certified by IFCN.",
      "tier": 1
    },
    {
      "name": "Agence France-Presse (AFP)",
      "type": "news_agency",
      "url": "https://www.afp.com",
      "political_lean": "C",
      "credibility": "high",
      "founded": 1835,
      "countries": "global",
      "languages": ["fr", "en", "es", "de", "pt", "ar"],
      "specialty": "International news, wire service, global coverage",
      "notes": "One of 'Big Three' global agencies. 2,400 journalists in 260 bureaus across 151 countries. AFP Fact Check certified by IFCN.",
      "tier": 1
    },
    {
      "name": "ANSA (Agenzia Nazionale Stampa Associata)",
      "type": "news_agency",
      "url": "https://www.ansa.it",
      "political_lean": "C",
      "credibility": "high",
      "founded": 1945,
      "countries": "Italy, global",
      "languages": ["it", "en", "es", "de", "pt", "ar"],
      "specialty": "Italian and international news",
      "notes": "Non-profit cooperative, 36 member newspapers. 81 offices in 78 countries. IFCN-certified fact-checker. Italy's leading news agency.",
      "tier": 1
    },
    {
      "name": "Deutsche Presse-Agentur (DPA)",
      "type": "news_agency",
      "url": "https://www.dpa.com",
      "political_lean": "C",
      "credibility": "high",
      "founded": 1949,
      "countries": "Germany, global",
      "languages": ["de", "en", "es", "ar"],
      "specialty": "German and European news, wire service",
      "notes": "Germany's largest news agency. Cooperative owned by German media companies. IFCN fact-checker. About 1,000 journalists worldwide.",
      "tier": 1
    },
    {
      "name": "EFE",
      "type": "news_agency",
      "url": "https://www.efe.com",
      "political_lean": "C",
      "credibility": "high",
      "founded": 1939,
      "countries": "Spain, Latin America, global",
      "languages": ["es", "en", "pt", "ar"],
      "specialty": "Spanish and Latin American news, wire service",
      "notes": "Spain's international news agency. Fourth largest wire service globally. EFE Verifica fact-checking service.",
      "tier": 1
    },
    {
      "name": "Xinhua News Agency",
      "type": "news_agency",
      "url": "http://www.xinhuanet.com",
      "political_lean": "SG",
      "credibility": "propaganda",
      "founded": 1931,
      "countries": "China, global",
      "languages": ["zh", "en", "es", "fr", "ru", "ar", "pt"],
      "specialty": "Chinese state perspective, international news",
      "notes": "Official state press agency of China. Directly controlled by Communist Party. Useful for understanding Chinese government perspective but NOT independent journalism.",
      "tier": 1
    },
    {
      "name": "TASS (Russian News Agency)",
      "type": "news_agency",
      "url": "https://tass.com",
      "political_lean": "SG",
      "credibility": "propaganda",
      "founded": 1904,
      "countries": "Russia, global",
      "languages": ["ru", "en", "es", "ar"],
      "specialty": "Russian state perspective, international news",
      "notes": "State-owned news agency. Official government mouthpiece. Useful for understanding Russian government perspective but NOT independent journalism.",
      "tier": 1
    },
    {
      "name": "Press Trust of India (PTI)",
      "type": "news_agency",
      "url": "https://www.ptinews.com",
      "political_lean": "C",
      "credibility": "high",
      "founded": 1947,
      "countries": "India, South Asia",
      "languages": ["en", "hi"],
      "specialty": "Indian news, South Asian coverage",
      "notes": "India's largest news agency. Non-profit cooperative. 500+ journalists across India. Provides news to most Indian publications.",
      "tier": 1
    },
    {
      "name": "Kyodo News",
      "type": "news_agency",
      "url": "https://english.kyodonews.net",
      "political_lean": "C",
      "credibility": "high",
      "founded": 1945,
      "countries": "Japan, Asia",
      "languages": ["ja", "en"],
      "specialty": "Japanese news, Asian coverage",
      "notes": "Japan's leading news agency. Nonprofit cooperative owned by member newspapers and broadcasters. About 50 bureaus worldwide.",
      "tier": 1
    }
  ],

  "italy": [
    {
      "name": "Corriere della Sera",
      "type": "newspaper",
      "url": "https://www.corriere.it",
      "political_lean": "C",
      "credibility": "high",
      "founded": 1876,
      "countries": "Italy",
      "languages": ["it"],
      "specialty": "General news, Italy's national newspaper of record",
      "notes": "Italy's most-read and oldest newspaper. Balanced/impartial reporting. 9M+ monthly website visitors. Over 500K digital subscribers.",
      "tier": 1
    },
    {
      "name": "La Repubblica",
      "type": "newspaper",
      "url": "https://www.repubblica.it",
      "political_lean": "LL",
      "credibility": "high",
      "founded": 1976,
      "countries": "Italy",
      "languages": ["it"],
      "specialty": "General news, politics, culture, investigative",
      "notes": "Second most-circulated Italian newspaper. Owned by GEDI/Agnelli family. Known for culture, intellect, fact-checking.",
      "tier": 1
    },
    {
      "name": "Internazionale",
      "type": "magazine",
      "url": "https://www.internazionale.it",
      "political_lean": "LL",
      "credibility": "high",
      "founded": 1993,
      "countries": "Italy",
      "languages": ["it"],
      "specialty": "Translated international press, long-form journalism",
      "notes": "Translates best articles from international press. 123,000 weekly circulation. Organizes annual journalism festival. Crucially independent.",
      "tier": 1
    },
    {
      "name": "il Fatto Quotidiano",
      "type": "newspaper",
      "url": "https://www.ilfattoquotidiano.it",
      "political_lean": "LL",
      "credibility": "high",
      "founded": 2009,
      "countries": "Italy",
      "languages": ["it"],
      "specialty": "Anti-corruption, investigative, political accountability",
      "notes": "Third most-visited news site. Refuses government subsidies. Rated most independent and trustworthy online Italian news.",
      "tier": 1
    },
    {
      "name": "Il Sole 24 Ore",
      "type": "newspaper",
      "url": "https://www.ilsole24ore.com",
      "political_lean": "C",
      "credibility": "high",
      "founded": 1865,
      "countries": "Italy",
      "languages": ["it"],
      "specialty": "Business, finance, economics",
      "notes": "Italy's leading business newspaper. Owned by Confindustria. High credibility in financial reporting.",
      "tier": 1
    },
    {
      "name": "La Stampa",
      "type": "newspaper",
      "url": "https://www.lastampa.it",
      "political_lean": "C",
      "credibility": "high",
      "founded": 1867,
      "countries": "Italy",
      "languages": ["it"],
      "specialty": "General news, politics",
      "notes": "Turin-based newspaper. Part of GEDI group. Third-largest circulation in Italy. Strong northern Italy presence.",
      "tier": 1
    }
  ],

  "spain": [
    {
      "name": "El País",
      "type": "newspaper",
      "url": "https://elpais.com",
      "political_lean": "LL",
      "credibility": "high",
      "founded": 1976,
      "countries": "Spain",
      "languages": ["es", "en", "pt"],
      "specialty": "General news, Spanish politics, culture",
      "notes": "Spain's highest-circulation daily. Center-left editorial line. Owned by PRISA. Strong international coverage.",
      "tier": 1
    },
    {
      "name": "El Mundo",
      "type": "newspaper",
      "url": "https://www.elmundo.es",
      "political_lean": "LR",
      "credibility": "high",
      "founded": 1989,
      "countries": "Spain",
      "languages": ["es"],
      "specialty": "General news, investigative journalism",
      "notes": "Spain's second-largest newspaper. Center-right lean. Known for investigative reporting. Owned by Unidad Editorial.",
      "tier": 1
    },
    {
      "name": "elDiario.es",
      "type": "online_newspaper",
      "url": "https://www.eldiario.es",
      "political_lean": "LL",
      "credibility": "high",
      "founded": 2012,
      "countries": "Spain",
      "languages": ["es"],
      "specialty": "Investigative journalism, politics, corruption",
      "notes": "Reader-funded independent model. Financially successful. Third most-visited news site in Spain.",
      "tier": 1
    },
    {
      "name": "CTXT (Revista Contexto)",
      "type": "online_magazine",
      "url": "https://ctxt.es",
      "political_lean": "L",
      "credibility": "high",
      "founded": 2015,
      "countries": "Spain",
      "languages": ["es", "en"],
      "specialty": "Long-form analysis, political & economic context, culture",
      "notes": "Founded by journalists from El País, El Mundo, La Repubblica. Focus on in-depth journalism. Progressive International member.",
      "tier": 1
    },
    {
      "name": "ABC",
      "type": "newspaper",
      "url": "https://www.abc.es",
      "political_lean": "R",
      "credibility": "high",
      "founded": 1903,
      "countries": "Spain",
      "languages": ["es"],
      "specialty": "General news, conservative perspective",
      "notes": "Spain's third-largest newspaper. Right-leaning, monarchist tradition. Historically significant. Owned by Vocento.",
      "tier": 1
    },
    {
      "name": "La Vanguardia",
      "type": "newspaper",
      "url": "https://www.lavanguardia.com",
      "political_lean": "C",
      "credibility": "high",
      "founded": 1881,
      "countries": "Spain",
      "languages": ["es", "ca"],
      "specialty": "General news, Catalan politics",
      "notes": "Barcelona-based. Spain's oldest continuously published newspaper. Center editorial line. Strong Catalan coverage.",
      "tier": 1
    },
    {
      "name": "El Confidencial",
      "type": "online_newspaper",
      "url": "https://www.elconfidencial.com",
      "political_lean": "C",
      "credibility": "high",
      "founded": 2001,
      "countries": "Spain",
      "languages": ["es"],
      "specialty": "Business, politics, investigative",
      "notes": "Leading online-native Spanish outlet. Center editorial line. Strong business and political coverage.",
      "tier": 1
    },
    {
      "name": "Público",
      "type": "online_newspaper",
      "url": "https://www.publico.es",
      "political_lean": "L",
      "credibility": "high",
      "founded": 2007,
      "countries": "Spain",
      "languages": ["es"],
      "specialty": "Politics, social issues, investigative",
      "notes": "Progressive Spanish newspaper. Strong social and political coverage. Independent editorial line.",
      "tier": 1
    },
    {
      "name": "elDiario.es",
      "type": "online_newspaper",
      "url": "https://www.eldiario.es",
      "political_lean": "LL",
      "credibility": "high",
      "founded": 2012,
      "countries": "Spain",
      "languages": ["es"],
      "specialty": "Investigative journalism, politics, corruption",
      "notes": "Reader-funded independent model. Financially successful. Third most-visited news site in Spain.",
      "tier": 1
    },
    {
      "name": "infoLibre",
      "type": "online_newspaper",
      "url": "https://www.infolibre.es",
      "political_lean": "LL",
      "credibility": "high",
      "founded": 2013,
      "countries": "Spain",
      "languages": ["es"],
      "specialty": "Investigative journalism, politics, social issues",
      "notes": "Independent digital newspaper. Reader-supported. Strong investigative reporting and political analysis.",
      "tier": 1
    }
  ],

  "france": [
    {
      "name": "Le Monde",
      "type": "newspaper",
      "url": "https://www.lemonde.fr",
      "political_lean": "LL",
      "credibility": "high",
      "founded": 1944,
      "countries": "France",
      "languages": ["fr", "en"],
      "specialty": "General news, international affairs, analysis",
      "notes": "France's newspaper of record. Center-left editorial line. Employee-owned. Les Décodeurs fact-checking team.",
      "tier": 1
    },
    {
      "name": "Le Figaro",
      "type": "newspaper",
      "url": "https://www.lefigaro.fr",
      "political_lean": "LR",
      "credibility": "high",
      "founded": 1826,
      "countries": "France",
      "languages": ["fr"],
      "specialty": "General news, conservative perspective",
      "notes": "France's oldest national newspaper. Center-right editorial line. High circulation. Owned by Dassault Group.",
      "tier": 1
    },
    {
      "name": "Mediapart",
      "type": "online_newspaper",
      "url": "https://www.mediapart.fr",
      "political_lean": "L",
      "credibility": "high",
      "founded": 2008,
      "countries": "France",
      "languages": ["fr", "en", "es"],
      "specialty": "Investigative journalism, political corruption",
      "notes": "Subscription-only, no ads. 220,000+ paid subscribers. Broken major scandals. NYT calls it 'France's leading investigative news site'.",
      "tier": 1
    },
    {
      "name": "Libération",
      "type": "newspaper",
      "url": "https://www.liberation.fr",
      "political_lean": "L",
      "credibility": "high",
      "founded": 1973,
      "countries": "France",
      "languages": ["fr"],
      "specialty": "General news, progressive perspective",
      "notes": "Left-wing daily newspaper. Co-founded by Jean-Paul Sartre. Strong cultural and political coverage.",
      "tier": 1
    },
    {
      "name": "L'Obs (Le Nouvel Observateur)",
      "type": "magazine",
      "url": "https://www.nouvelobs.com",
      "political_lean": "LL",
      "credibility": "high",
      "founded": 1950,
      "countries": "France",
      "languages": ["fr"],
      "specialty": "Politics, culture, analysis",
      "notes": "Weekly news magazine. Left-center perspective. High-quality analysis and cultural coverage.",
      "tier": 1
    },
    {
      "name": "Le Parisien",
      "type": "newspaper",
      "url": "https://www.leparisien.fr",
      "political_lean": "C",
      "credibility": "high",
      "founded": 1944,
      "countries": "France",
      "languages": ["fr"],
      "specialty": "General news, Paris region",
      "notes": "Paris regional daily with national edition. Center editorial line. Popular mainstream newspaper.",
      "tier": 1
    }
  ],

  "germany": [
    {
      "name": "Der Spiegel",
      "type": "magazine",
      "url": "https://www.spiegel.de",
      "political_lean": "LL",
      "credibility": "high",
      "founded": 1947,
      "countries": "Germany",
      "languages": ["de", "en"],
      "specialty": "Investigative journalism, political affairs",
      "notes": "Germany's leading news magazine. Center-left. Known for investigative reporting. English edition Spiegel International.",
      "tier": 1
    },
    {
      "name": "Frankfurter Allgemeine Zeitung (FAZ)",
      "type": "newspaper",
      "url": "https://www.faz.net",
      "political_lean": "LR",
      "credibility": "high",
      "founded": 1949,
      "countries": "Germany",
      "languages": ["de"],
      "specialty": "Business, politics, conservative perspective",
      "notes": "Germany's newspaper of record. Center-right. High-quality journalism. Strong business coverage.",
      "tier": 1
    },
    {
      "name": "CORRECTIV",
      "type": "nonprofit_newsroom",
      "url": "https://correctiv.org",
      "political_lean": "C",
      "credibility": "high",
      "founded": 2014,
      "countries": "Germany",
      "languages": ["de", "en", "ar", "fr", "ru", "tr"],
      "specialty": "Investigative journalism, fact-checking, data journalism",
      "notes": "Germany's first nonprofit investigative newsroom. Staff of 70+. Runs CORRECTIV.Faktencheck. GIJN member. Multiple awards.",
      "tier": 1
    },
    {
      "name": "Die Zeit",
      "type": "newspaper",
      "url": "https://www.zeit.de",
      "political_lean": "C",
      "credibility": "high",
      "founded": 1946,
      "countries": "Germany",
      "languages": ["de"],
      "specialty": "Politics, culture, analysis",
      "notes": "Germany's most widely read weekly newspaper. Center editorial line. Known for long-form journalism and intellectual discourse.",
      "tier": 1
    },
    {
      "name": "Süddeutsche Zeitung",
      "type": "newspaper",
      "url": "https://www.sueddeutsche.de",
      "political_lean": "LL",
      "credibility": "high",
      "founded": 1945,
      "countries": "Germany",
      "languages": ["de"],
      "specialty": "General news, investigative journalism",
      "notes": "Germany's largest subscription newspaper. Center-left. Broke Panama Papers story. Strong investigative team.",
      "tier": 1
    },
    {
      "name": "taz (die tageszeitung)",
      "type": "newspaper",
      "url": "https://taz.de",
      "political_lean": "L",
      "credibility": "high",
      "founded": 1979,
      "countries": "Germany",
      "languages": ["de"],
      "specialty": "Alternative perspectives, environment, social issues",
      "notes": "Left-wing cooperative newspaper. Independent, reader-supported. Known for environmental and social justice coverage.",
      "tier": 1
    }
  ],

  "uk": [
    {
      "name": "BBC News",
      "type": "broadcaster",
      "url": "https://www.bbc.com/news",
      "political_lean": "C",
      "credibility": "high",
      "founded": 1922,
      "countries": "UK, global",
      "languages": ["en", "multiple"],
      "specialty": "Global news, broadcasting",
      "notes": "UK public broadcaster. Funded by TV license fee. Editorial independence. BBC Reality Check fact-checking. Available in 40+ languages.",
      "tier": 1
    },
    {
      "name": "The Guardian",
      "type": "newspaper",
      "url": "https://www.theguardian.com",
      "political_lean": "LL",
      "credibility": "high",
      "founded": 1821,
      "countries": "UK, global",
      "languages": ["en"],
      "specialty": "Investigative journalism, progressive perspective",
      "notes": "UK left-leaning quality newspaper. Owned by Scott Trust. Reader-funded model. Strong environmental coverage. Multiple Pulitzers.",
      "tier": 1
    },
    {
      "name": "The Telegraph",
      "type": "newspaper",
      "url": "https://www.telegraph.co.uk",
      "political_lean": "LR",
      "credibility": "high",
      "founded": 1855,
      "countries": "UK",
      "languages": ["en"],
      "specialty": "General news, conservative perspective",
      "notes": "UK conservative quality newspaper. Owned by Barclay family. Strong political coverage.",
      "tier": 1
    },
    {
      "name": "Financial Times",
      "type": "newspaper",
      "url": "https://www.ft.com",
      "political_lean": "C",
      "credibility": "high",
      "founded": 1888,
      "countries": "UK, global",
      "languages": ["en"],
      "specialty": "Business, finance, economics",
      "notes": "Leading global business newspaper. Center editorial line. Owned by Nikkei. High-quality analysis.",
      "tier": 1
    },
    {
      "name": "The Times",
      "type": "newspaper",
      "url": "https://www.thetimes.co.uk",
      "political_lean": "LR",
      "credibility": "high",
      "founded": 1785,
      "countries": "UK",
      "languages": ["en"],
      "specialty": "General news, conservative perspective",
      "notes": "UK newspaper of record. Center-right. Owned by News UK (Murdoch). High editorial standards.",
      "tier": 1
    },
    {
      "name": "The Independent",
      "type": "online_newspaper",
      "url": "https://www.independent.co.uk",
      "political_lean": "LL",
      "credibility": "medium",
      "founded": 1986,
      "countries": "UK",
      "languages": ["en"],
      "specialty": "General news, progressive perspective",
      "notes": "Online-only since 2016. Left-center lean. Originally founded as politically independent newspaper.",
      "tier": 1
    }
  ],

  "usa": [
    {
      "name": "The New York Times",
      "type": "newspaper",
      "url": "https://www.nytimes.com",
      "political_lean": "LL",
      "credibility": "high",
      "founded": 1851,
      "countries": "USA",
      "languages": ["en", "es"],
      "specialty": "General news, investigative journalism",
      "notes": "US newspaper of record. Left-center editorial line. 130+ Pulitzer Prizes. Strong international bureau.",
      "tier": 1
    },
    {
      "name": "The Washington Post",
      "type": "newspaper",
      "url": "https://www.washingtonpost.com",
      "political_lean": "LL",
      "credibility": "high",
      "founded": 1877,
      "countries": "USA",
      "languages": ["en"],
      "specialty": "US politics, investigative journalism",
      "notes": "Major US newspaper. Center-left. Owned by Jeff Bezos. 69 Pulitzer Prizes. Fact Checker column.",
      "tier": 1
    },
    {
      "name": "The Wall Street Journal",
      "type": "newspaper",
      "url": "https://www.wsj.com",
      "political_lean": "LR",
      "credibility": "high",
      "founded": 1889,
      "countries": "USA",
      "languages": ["en"],
      "specialty": "Business, finance, economics",
      "notes": "Leading US business newspaper. News section center, opinion section right. Owned by News Corp. 37 Pulitzer Prizes.",
      "tier": 1
    },
    {
      "name": "NPR (National Public Radio)",
      "type": "broadcaster",
      "url": "https://www.npr.org",
      "political_lean": "LL",
      "credibility": "high",
      "founded": 1970,
      "countries": "USA",
      "languages": ["en"],
      "specialty": "Public broadcasting, in-depth reporting",
      "notes": "US public radio. Membership-funded. Left-center lean. High-quality journalism. 1,000+ member stations.",
      "tier": 1
    },
    {
      "name": "ProPublica",
      "type": "nonprofit_newsroom",
      "url": "https://www.propublica.org",
      "political_lean": "C",
      "credibility": "high",
      "founded": 2007,
      "countries": "USA",
      "languages": ["en"],
      "specialty": "Investigative journalism, public interest",
      "notes": "Independent nonprofit newsroom. Won 6 Pulitzer Prizes. Focuses on accountability journalism. No paywall.",
      "tier": 1
    },
    {
      "name": "The Atlantic",
      "type": "magazine",
      "url": "https://www.theatlantic.com",
      "political_lean": "LL",
      "credibility": "high",
      "founded": 1857,
      "countries": "USA",
      "languages": ["en"],
      "specialty": "Politics, culture, analysis",
      "notes": "American magazine of literature, culture, and politics. Left-center lean. High-quality long-form journalism.",
      "tier": 1
    }
  ],

  "canada": [
    {
      "name": "CBC News",
      "type": "broadcaster",
      "url": "https://www.cbc.ca/news",
      "political_lean": "LL",
      "credibility": "high",
      "founded": 1936,
      "countries": "Canada",
      "languages": ["en", "fr"],
      "specialty": "Canadian news, public broadcasting",
      "notes": "Canada's public broadcaster. Left-center lean. Funded by government but editorially independent.",
      "tier": 1
    },
    {
      "name": "The Globe and Mail",
      "type": "newspaper",
      "url": "https://www.theglobeandmail.com",
      "political_lean": "C",
      "credibility": "high",
      "founded": 1844,
      "countries": "Canada",
      "languages": ["en"],
      "specialty": "General news, business",
      "notes": "Canada's newspaper of record. Center editorial line. High-quality journalism.",
      "tier": 1
    }
  ],

  "latin_america": [
    {
      "name": "El Faro",
      "type": "online_newspaper",
      "url": "https://elfaro.net",
      "political_lean": "C",
      "credibility": "high",
      "founded": 1998,
      "countries": "El Salvador",
      "languages": ["es"],
      "specialty": "Investigative journalism, Central America",
      "notes": "Latin America's first online-only publication. ALiados network member. Multiple journalism awards.",
      "tier": 1
    },
    {
      "name": "Agência Pública",
      "type": "nonprofit_newsroom",
      "url": "https://apublica.org",
      "political_lean": "L",
      "credibility": "high",
      "founded": 2011,
      "countries": "Brazil",
      "languages": ["pt"],
      "specialty": "Investigative journalism, data journalism",
      "notes": "Brazil's first nonprofit investigative journalism agency. ALiados network member. Co-founder won Cabot Prize 2024.",
      "tier": 1
    },
    {
      "name": "Animal Político",
      "type": "online_newspaper",
      "url": "https://www.animalpolitico.com",
      "political_lean": "C",
      "credibility": "high",
      "founded": 2010,
      "countries": "Mexico",
      "languages": ["es"],
      "specialty": "Investigative journalism, fact-checking",
      "notes": "Major Mexican digital outlet. ALiados network member. El Sabueso fact-checking project.",
      "tier": 1
    },
    {
      "name": "CIPER Chile",
      "type": "nonprofit_newsroom",
      "url": "https://www.ciperchile.cl",
      "political_lean": "C",
      "credibility": "high",
      "founded": 2007,
      "countries": "Chile",
      "languages": ["es"],
      "specialty": "Investigative journalism",
      "notes": "Center for Investigative Journalism. ALiados network member. Based at Universidad Diego Portales.",
      "tier": 1
    },
    {
      "name": "Plaza Pública",
      "type": "online_newspaper",
      "url": "https://www.plazapublica.com.gt",
      "political_lean": "C",
      "credibility": "high",
      "founded": 2011,
      "countries": "Guatemala",
      "languages": ["es"],
      "specialty": "Investigative journalism",
      "notes": "ALiados network member. Operates under challenging press freedom conditions.",
      "tier": 1
    },
    {
      "name": "IDL-Reporteros",
      "type": "online_newspaper",
      "url": "https://www.idl-reporteros.pe",
      "political_lean": "C",
      "credibility": "high",
      "founded": 2010,
      "countries": "Peru",
      "languages": ["es"],
      "specialty": "Investigative journalism",
      "notes": "ALiados network member. Strong investigative team.",
      "tier": 1
    },
    {
      "name": "Armando.info",
      "type": "online_newspaper",
      "url": "https://armando.info",
      "political_lean": "C",
      "credibility": "high",
      "founded": 2014,
      "countries": "Venezuela",
      "languages": ["es"],
      "specialty": "Investigative journalism, corruption",
      "notes": "ALiados network member. Focus on Venezuelan corruption. Operates in exile.",
      "tier": 1
    },
    {
      "name": "Runrun.es",
      "type": "online_newspaper",
      "url": "https://runrun.es",
      "political_lean": "C",
      "credibility": "high",
      "founded": 2014,
      "countries": "Venezuela",
      "languages": ["es"],
      "specialty": "News, investigative",
      "notes": "ALiados network member. Major Venezuelan digital outlet despite government pressure.",
      "tier": 1
    },
    {
      "name": "Confidencial",
      "type": "online_newspaper",
      "url": "https://confidencial.digital",
      "political_lean": "C",
      "credibility": "high",
      "founded": 1996,
      "countries": "Nicaragua",
      "languages": ["es"],
      "specialty": "Investigative journalism",
      "notes": "ALiados network member. Operating in exile since 2021.",
      "tier": 1
    },
    {
      "name": "El Surtidor",
      "type": "online_newspaper",
      "url": "https://elsurtidor.com",
      "political_lean": "C",
      "credibility": "high",
      "founded": 2016,
      "countries": "Paraguay",
      "languages": ["es"],
      "specialty": "Investigative journalism",
      "notes": "ALiados network member. Young but credible Paraguayan outlet.",
      "tier": 1
    },
    {
      "name": "Chequeado",
      "type": "fact_checking",
      "url": "https://chequeado.com",
      "political_lean": "C",
      "credibility": "high",
      "founded": 2010,
      "countries": "Argentina",
      "languages": ["es"],
      "specialty": "Fact-checking",
      "notes": "IFCN-certified fact-checker. Pioneer in Latin American fact-checking.",
      "tier": 1
    },
    {
      "name": "ColombiaCheck",
      "type": "fact_checking",
      "url": "https://colombiacheck.com",
      "political_lean": "C",
      "credibility": "high",
      "countries": "Colombia",
      "languages": ["es"],
      "specialty": "Fact-checking",
      "notes": "IFCN-certified. Colombian fact-checking initiative.",
      "tier": 1
    },
    {
      "name": "Agência Lupa",
      "type": "fact_checking",
      "url": "https://lupa.uol.com.br",
      "political_lean": "C",
      "credibility": "high",
      "countries": "Brazil",
      "languages": ["pt"],
      "specialty": "Fact-checking",
      "notes": "Brazilian fact-checking outlet. IFCN-certified.",
      "tier": 1
    },
    {
      "name": "Aos Fatos",
      "type": "fact_checking",
      "url": "https://www.aosfatos.org",
      "political_lean": "C",
      "credibility": "high",
      "countries": "Brazil",
      "languages": ["pt"],
      "specialty": "Fact-checking",
      "notes": "Brazilian fact-checking initiative. IFCN-certified.",
      "tier": 1
    },
    {
      "name": "Efecto Cocuyo",
      "type": "online_newspaper",
      "url": "https://efectococuyo.com",
      "political_lean": "C",
      "credibility": "high",
      "countries": "Venezuela",
      "languages": ["es"],
      "specialty": "Real-time news, investigative",
      "notes": "Main independent digital news site in Venezuela. Operating despite repression.",
      "tier": 1
    }
  ],

  "brazil": [
    {
      "name": "Folha de S.Paulo",
      "type": "newspaper",
      "url": "https://www.folha.uol.com.br",
      "political_lean": "LL",
      "credibility": "high",
      "founded": 1921,
      "countries": "Brazil",
      "languages": ["pt"],
      "specialty": "Brazilian news, investigative",
      "notes": "Brazil's most influential newspaper. Center-left. Family-owned. Strong investigative team.",
      "tier": 1
    },
    {
      "name": "O Globo",
      "type": "newspaper",
      "url": "https://oglobo.globo.com",
      "political_lean": "C",
      "credibility": "high",
      "founded": 1925,
      "countries": "Brazil",
      "languages": ["pt"],
      "specialty": "Brazilian news",
      "notes": "Major Brazilian newspaper. Center. Part of Grupo Globo media conglomerate.",
      "tier": 1
    }
  ],

  "japan": [
    {
      "name": "The Japan Times",
      "type": "newspaper",
      "url": "https://www.japantimes.co.jp",
      "political_lean": "C",
      "credibility": "high",
      "founded": 1897,
      "countries": "Japan",
      "languages": ["en"],
      "specialty": "Japanese news for English readers",
      "notes": "Japan's oldest English-language newspaper. Independent voice in Japanese media landscape.",
      "tier": 1
    },
    {
      "name": "NHK World",
      "type": "broadcaster",
      "url": "https://www3.nhk.or.jp/nhkworld/",
      "political_lean": "C",
      "credibility": "high",
      "founded": 1926,
      "countries": "Japan",
      "languages": ["en", "ja", "multiple"],
      "specialty": "Japanese news, international broadcasting",
      "notes": "Japan's public broadcaster. Center editorial line. International service.",
      "tier": 1
    },
    {
      "name": "Asahi Shimbun",
      "type": "newspaper",
      "url": "https://www.asahi.com",
      "political_lean": "LL",
      "credibility": "high",
      "founded": 1879,
      "countries": "Japan",
      "languages": ["ja", "en"],
      "specialty": "General news, politics",
      "notes": "Japan's second-largest newspaper. Left-center lean. High editorial standards. English edition available.",
      "tier": 1
    }
  ],

  "india": [
    {
      "name": "The Hindu",
      "type": "newspaper",
      "url": "https://www.thehindu.com",
      "political_lean": "LL",
      "credibility": "high",
      "founded": 1878,
      "countries": "India",
      "languages": ["en"],
      "specialty": "Indian news, South Asian affairs",
      "notes": "Major Indian newspaper. Center-left. High editorial standards. Family-owned. Oldest English daily.",
      "tier": 1
    },
    {
      "name": "The Times of India",
      "type": "newspaper",
      "url": "https://timesofindia.indiatimes.com",
      "political_lean": "C",
      "credibility": "medium",
      "founded": 1838,
      "countries": "India",
      "languages": ["en"],
      "specialty": "General news",
      "notes": "India's largest English newspaper. Center. Owned by Bennett Coleman. Mass market focus.",
      "tier": 1
    },
    {
      "name": "The Indian Express",
      "type": "newspaper",
      "url": "https://indianexpress.com",
      "political_lean": "C",
      "credibility": "high",
      "founded": 1932,
      "countries": "India",
      "languages": ["en"],
      "specialty": "General news, investigative",
      "notes": "Major Indian newspaper. Center editorial line. Known for investigative journalism and editorial independence.",
      "tier": 1
    }
  ],

  "australia": [
    {
      "name": "ABC News (Australia)",
      "type": "broadcaster",
      "url": "https://www.abc.net.au/news",
      "political_lean": "C",
      "credibility": "high",
      "founded": 1932,
      "countries": "Australia",
      "languages": ["en"],
      "specialty": "Australian news, public broadcasting",
      "notes": "Australia's public broadcaster. Center editorial line. Editorially independent.",
      "tier": 1
    },
    {
      "name": "The Sydney Morning Herald",
      "type": "newspaper",
      "url": "https://www.smh.com.au",
      "political_lean": "LL",
      "credibility": "high",
      "founded": 1831,
      "countries": "Australia",
      "languages": ["en"],
      "specialty": "General news",
      "notes": "Major Australian newspaper. Center-left. Owned by Nine Entertainment. Australia's oldest continuously published newspaper.",
      "tier": 1
    },
    {
      "name": "The Age",
      "type": "newspaper",
      "url": "https://www.theage.com.au",
      "political_lean": "LL",
      "credibility": "high",
      "founded": 1854,
      "countries": "Australia",
      "languages": ["en"],
      "specialty": "General news, Victoria focus",
      "notes": "Melbourne-based newspaper. Center-left. Owned by Nine Entertainment. Strong Victorian coverage.",
      "tier": 1
    }
  ],

  "asia_pacific": [
    {
      "name": "The Straits Times",
      "type": "newspaper",
      "url": "https://www.straitstimes.com",
      "political_lean": "C",
      "credibility": "mixed",
      "founded": 1845,
      "countries": "Singapore",
      "languages": ["en"],
      "specialty": "Singapore and regional news",
      "notes": "Singapore's newspaper of record. Government-linked ownership affects independence. Useful for Singapore perspective.",
      "tier": 1
    },
    {
      "name": "The Jakarta Post",
      "type": "newspaper",
      "url": "https://www.thejakartapost.com",
      "political_lean": "C",
      "credibility": "high",
      "founded": 1983,
      "countries": "Indonesia",
      "languages": ["en"],
      "specialty": "Indonesian news, Southeast Asia",
      "notes": "Indonesia's leading English-language daily. Center editorial line. Important voice in Southeast Asia.",
      "tier": 1
    },
    {
      "name": "Philippine Daily Inquirer",
      "type": "newspaper",
      "url": "https://www.inquirer.net",
      "political_lean": "C",
      "credibility": "high",
      "founded": 1985,
      "countries": "Philippines",
      "languages": ["en"],
      "specialty": "Philippine news",
      "notes": "Philippines' most widely read newspaper. Center editorial line. Strong investigative tradition.",
      "tier": 1
    }
  ],

  "middle_east": [
    {
      "name": "Haaretz",
      "type": "newspaper",
      "url": "https://www.haaretz.com",
      "political_lean": "LL",
      "credibility": "high",
      "founded": 1918,
      "countries": "Israel",
      "languages": ["he", "en"],
      "specialty": "Israeli news, Middle East affairs",
      "notes": "Israel's oldest daily newspaper. Left-leaning, critical of Israeli government. High editorial standards.",
      "tier": 1
    },
    {
      "name": "The Times of Israel",
      "type": "online_newspaper",
      "url": "https://www.timesofisrael.com",
      "political_lean": "C",
      "credibility": "high",
      "founded": 2012,
      "countries": "Israel",
      "languages": ["en"],
      "specialty": "Israeli news, Middle East",
      "notes": "Independent online newspaper. Center editorial line. English-language focus.",
      "tier": 1
    },
    {
      "name": "Al Jazeera",
      "type": "broadcaster",
      "url": "https://www.aljazeera.com",
      "political_lean": "LL",
      "credibility": "mixed",
      "founded": 1996,
      "countries": "Qatar, global",
      "languages": ["ar", "en", "es", "tr"],
      "specialty": "International news, Middle East focus",
      "notes": "Qatar state-funded. Straight news minimally biased, opinion pages exhibit bias. Covers underrepresented regions well.",
      "tier": 1
    },
    {
      "name": "Middle East Eye",
      "type": "online_newspaper",
      "url": "https://www.middleeasteye.net",
      "political_lean": "LL",
      "credibility": "medium",
      "founded": 2014,
      "countries": "UK (Middle East focus)",
      "languages": ["en", "ar", "fr"],
      "specialty": "Middle East news and analysis",
      "notes": "Independent news and analysis website. Left-center perspective. Focus on underreported Middle East stories.",
      "tier": 2
    },
    {
      "name": "Al-Monitor",
      "type": "online_newspaper",
      "url": "https://www.al-monitor.com",
      "political_lean": "C",
      "credibility": "high",
      "founded": 2012,
      "countries": "USA (Middle East focus)",
      "languages": ["en"],
      "specialty": "Middle East policy and news",
      "notes": "Independent Middle East news and analysis. Center editorial line. Employs regional journalists.",
      "tier": 1
    },
    {
      "name": "The National (UAE)",
      "type": "newspaper",
      "url": "https://www.thenationalnews.com",
      "political_lean": "C",
      "credibility": "mixed",
      "founded": 2008,
      "countries": "UAE",
      "languages": ["en"],
      "specialty": "UAE and regional news",
      "notes": "UAE state-linked outlet. Center editorial line but government influence affects independence. Useful for UAE perspective.",
      "tier": 2
    }
  ],

  "africa": [
    {
      "name": "Daily Maverick",
      "type": "online_newspaper",
      "url": "https://www.dailymaverick.co.za",
      "political_lean": "C",
      "credibility": "high",
      "founded": 2007,
      "countries": "South Africa",
      "languages": ["en"],
      "specialty": "Investigative journalism, South African politics",
      "notes": "Leading South African independent news site. Center editorial line. Strong investigative team.",
      "tier": 1
    },
    {
      "name": "Premium Times",
      "type": "online_newspaper",
      "url": "https://www.premiumtimesng.com",
      "political_lean": "C",
      "credibility": "high",
      "founded": 2011,
      "countries": "Nigeria",
      "languages": ["en"],
      "specialty": "Nigerian investigative journalism",
      "notes": "Leading Nigerian investigative outlet. Center editorial line. ICFJ Knight International Journalism Award winner.",
      "tier": 1
    },
    {
      "name": "News24 (South Africa)",
      "type": "online_newspaper",
      "url": "https://www.news24.com",
      "political_lean": "C",
      "credibility": "medium",
      "founded": 1998,
      "countries": "South Africa",
      "languages": ["en"],
      "specialty": "South African news",
      "notes": "Major South African news website. Center editorial line. Owned by Naspers/Media24.",
      "tier": 2
    },
    {
      "name": "Nation Media Group",
      "type": "media_company",
      "url": "https://www.nationmedia.com",
      "political_lean": "C",
      "credibility": "medium",
      "founded": 1959,
      "countries": "Kenya, East Africa",
      "languages": ["en", "sw"],
      "specialty": "East African news",
      "notes": "East Africa's largest independent media house. Publishes Daily Nation. Center editorial line.",
      "tier": 2
    }
  ],

  "science_health": [
    {
      "name": "Nature",
      "type": "journal",
      "url": "https://www.nature.com",
      "political_lean": "N/A",
      "credibility": "high",
      "founded": 1869,
      "countries": "global",
      "languages": ["en"],
      "specialty": "Peer-reviewed science",
      "notes": "Leading multidisciplinary science journal. Rigorous peer review. High impact factor.",
      "tier": 1
    },
    {
      "name": "Science",
      "type": "journal",
      "url": "https://www.science.org",
      "political_lean": "N/A",
      "credibility": "high",
      "founded": 1880,
      "countries": "global",
      "languages": ["en"],
      "specialty": "Peer-reviewed science",
      "notes": "Published by AAAS. Rigorous peer review. Covers all scientific disciplines.",
      "tier": 1
    },
    {
      "name": "The Lancet",
      "type": "journal",
      "url": "https://www.thelancet.com",
      "political_lean": "N/A",
      "credibility": "high",
      "founded": 1823,
      "countries": "global",
      "languages": ["en"],
      "specialty": "Medical research",
      "notes": "Leading medical journal. Rigorous peer review. Global health focus.",
      "tier": 1
    },
    {
      "name": "NEJM (New England Journal of Medicine)",
      "type": "journal",
      "url": "https://www.nejm.org",
      "political_lean": "N/A",
      "credibility": "high",
      "founded": 1812,
      "countries": "global",
      "languages": ["en"],
      "specialty": "Medical research",
      "notes": "Most prestigious medical journal. Highest impact factor in medicine. Rigorous standards.",
      "tier": 1
    },
    {
      "name": "JAMA (Journal of the American Medical Association)",
      "type": "journal",
      "url": "https://jamanetwork.com",
      "political_lean": "N/A",
      "credibility": "high",
      "founded": 1883,
      "countries": "USA, global",
      "languages": ["en"],
      "specialty": "Medical research",
      "notes": "One of the most prestigious medical journals. Published by American Medical Association.",
      "tier": 1
    },
    {
      "name": "Scientific American",
      "type": "magazine",
      "url": "https://www.scientificamerican.com",
      "political_lean": "LL",
      "credibility": "high",
      "founded": 1845,
      "countries": "USA",
      "languages": ["en"],
      "specialty": "Science communication",
      "notes": "Oldest continuously published magazine in US. Science for general audience. Evidence-based.",
      "tier": 1
    },
    {
      "name": "Science News",
      "type": "magazine",
      "url": "https://www.sciencenews.org",
      "political_lean": "N/A",
      "credibility": "high",
      "founded": 1922,
      "countries": "USA",
      "languages": ["en"],
      "specialty": "Science journalism",
      "notes": "Nonprofit science journalism. Covers all scientific disciplines. High accuracy.",
      "tier": 1
    },
    {
      "name": "New Scientist",
      "type": "magazine",
      "url": "https://www.newscientist.com",
      "political_lean": "N/A",
      "credibility": "high",
      "founded": 1956,
      "countries": "UK",
      "languages": ["en"],
      "specialty": "Science news and analysis",
      "notes": "Weekly science magazine. Covers latest scientific developments. Accessible to general audience.",
      "tier": 1
    }
  ],

  "technology": [
    {
      "name": "Ars Technica",
      "type": "online_publication",
      "url": "https://arstechnica.com",
      "political_lean": "LL",
      "credibility": "high",
      "founded": 1998,
      "countries": "USA",
      "languages": ["en"],
      "specialty": "Technology, science",
      "notes": "In-depth technology journalism. Technical accuracy. Owned by Condé Nast.",
      "tier": 1
    },
    {
      "name": "The Verge",
      "type": "online_publication",
      "url": "https://www.theverge.com",
      "political_lean": "LL",
      "credibility": "high",
      "founded": 2011,
      "countries": "USA",
      "languages": ["en"],
      "specialty": "Technology, culture",
      "notes": "Technology news and reviews. Part of Vox Media. Strong editorial team.",
      "tier": 1
    },
    {
      "name": "Wired",
      "type": "magazine",
      "url": "https://www.wired.com",
      "political_lean": "LL",
      "credibility": "high",
      "founded": 1993,
      "countries": "USA",
      "languages": ["en"],
      "specialty": "Technology, culture, science",
      "notes": "Technology and culture magazine. Owned by Condé Nast. Long-form journalism.",
      "tier": 1
    },
    {
      "name": "TechCrunch",
      "type": "online_publication",
      "url": "https://techcrunch.com",
      "political_lean": "C",
      "credibility": "high",
      "founded": 2005,
      "countries": "USA",
      "languages": ["en"],
      "specialty": "Startups, technology business",
      "notes": "Leading tech news site. Startup focus. Owned by Yahoo/Verizon. Strong venture capital coverage.",
      "tier": 1
    },
    {
      "name": "MIT Technology Review",
      "type": "magazine",
      "url": "https://www.technologyreview.com",
      "political_lean": "C",
      "credibility": "high",
      "founded": 1899,
      "countries": "USA",
      "languages": ["en"],
      "specialty": "Emerging technology, innovation",
      "notes": "Published by MIT. Focus on emerging technologies and their impact. High-quality analysis.",
      "tier": 1
    }
  ],

  "finance_business": [
    {
      "name": "Bloomberg",
      "type": "news_service",
      "url": "https://www.bloomberg.com",
      "political_lean": "C",
      "credibility": "high",
      "founded": 1981,
      "countries": "USA, global",
      "languages": ["en", "multiple"],
      "specialty": "Finance, markets, business",
      "notes": "Leading financial news service. Real-time market data. Global bureaus.",
      "tier": 1
    },
    {
      "name": "The Economist",
      "type": "magazine",
      "url": "https://www.economist.com",
      "political_lean": "C",
      "credibility": "high",
      "founded": 1843,
      "countries": "UK, global",
      "languages": ["en"],
      "specialty": "Global affairs, economics, business",
      "notes": "Global news and analysis magazine. Classical liberal perspective. Anonymous journalism.",
      "tier": 1
    },
    {
      "name": "Barron's",
      "type": "magazine",
      "url": "https://www.barrons.com",
      "political_lean": "C",
      "credibility": "high",
      "founded": 1921,
      "countries": "USA",
      "languages": ["en"],
      "specialty": "Investment, finance",
      "notes": "Leading investment news magazine. WSJ sister publication. Owned by News Corp. Focus on investors.",
      "tier": 1
    }
  ],

  "sports": [
    {
      "name": "ESPN",
      "type": "broadcaster",
      "url": "https://www.espn.com",
      "political_lean": "N/A",
      "credibility": "high",
      "founded": 1979,
      "countries": "USA, global",
      "languages": ["en", "es"],
      "specialty": "Sports",
      "notes": "Leading sports network. Comprehensive coverage. Owned by Disney.",
      "tier": 1
    },
    {
      "name": "The Athletic",
      "type": "online_publication",
      "url": "https://theathletic.com",
      "political_lean": "N/A",
      "credibility": "high",
      "founded": 2016,
      "countries": "USA, global",
      "languages": ["en"],
      "specialty": "In-depth sports journalism",
      "notes": "Subscription sports journalism. No ads. High-quality reporting. Owned by NYT.",
      "tier": 1
    },
    {
      "name": "BBC Sport",
      "type": "broadcaster",
      "url": "https://www.bbc.com/sport",
      "political_lean": "N/A",
      "credibility": "high",
      "founded": 1922,
      "countries": "UK, global",
      "languages": ["en"],
      "specialty": "Sports news and coverage",
      "notes": "BBC's sports division. Comprehensive global sports coverage. Editorial independence.",
      "tier": 1
    }
  ],

  "visual_arts": [
    {
      "name": "Artforum",
      "type": "magazine",
      "url": "https://www.artforum.com",
      "political_lean": "N/A",
      "credibility": "high",
      "founded": 1962,
      "countries": "USA",
      "languages": ["en"],
      "specialty": "Contemporary art criticism",
      "notes": "Leading contemporary art magazine. International coverage. Prestigious.",
      "tier": 1
    },
    {
      "name": "Frieze",
      "type": "magazine",
      "url": "https://www.frieze.com",
      "political_lean": "N/A",
      "credibility": "high",
      "founded": 1991,
      "countries": "UK",
      "languages": ["en"],
      "specialty": "Contemporary art",
      "notes": "Leading contemporary art and culture magazine. Associated with major art fairs.",
      "tier": 1
    },
    {
      "name": "Apollo",
      "type": "magazine",
      "url": "https://www.apollo-magazine.com",
      "political_lean": "N/A",
      "credibility": "high",
      "founded": 1925,
      "countries": "UK",
      "languages": ["en"],
      "specialty": "Art history, fine arts",
      "notes": "International art magazine. Focus on art history and fine arts. High scholarly standards.",
      "tier": 1
    },
    {
      "name": "ArtNews",
      "type": "magazine",
      "url": "https://www.artnews.com",
      "political_lean": "N/A",
      "credibility": "high",
      "founded": 1902,
      "countries": "USA",
      "languages": ["en"],
      "specialty": "Visual arts news",
      "notes": "Oldest art magazine in America. Comprehensive art world coverage.",
      "tier": 1
    },
    {
      "name": "Hyperallergic",
      "type": "online_publication",
      "url": "https://hyperallergic.com",
      "political_lean": "N/A",
      "credibility": "high",
      "founded": 2009,
      "countries": "USA",
      "languages": ["en"],
      "specialty": "Contemporary art, culture",
      "notes": "Independent online arts magazine. Progressive perspective. Critical voice.",
      "tier": 1
    },
    {
      "name": "Art in America",
      "type": "magazine",
      "url": "https://www.artnews.com/c/art-in-america/",
      "political_lean": "N/A",
      "credibility": "high",
      "founded": 1913,
      "countries": "USA",
      "languages": ["en"],
      "specialty": "Contemporary and modern art",
      "notes": "Leading American art magazine. Focus on contemporary and modern art.",
      "tier": 1
    }
  ],

  "music": [
    {
      "name": "Pitchfork",
      "type": "online_publication",
      "url": "https://pitchfork.com",
      "political_lean": "N/A",
      "credibility": "high",
      "founded": 1995,
      "countries": "USA",
      "languages": ["en"],
      "specialty": "Indie and alternative music",
      "notes": "Influential music criticism. Indie/electronic focus. Owned by Condé Nast.",
      "tier": 1
    },
    {
      "name": "Rolling Stone",
      "type": "magazine",
      "url": "https://www.rollingstone.com",
      "political_lean": "N/A",
      "credibility": "high",
      "founded": 1967,
      "countries": "USA",
      "languages": ["en"],
      "specialty": "Music, culture, politics",
      "notes": "Iconic music magazine. Rock/pop authority. Expanded to politics and culture.",
      "tier": 1
    },
    {
      "name": "NME (New Musical Express)",
      "type": "magazine",
      "url": "https://www.nme.com",
      "political_lean": "N/A",
      "credibility": "high",
      "founded": 1952,
      "countries": "UK",
      "languages": ["en"],
      "specialty": "Indie and alternative music",
      "notes": "British music journalism institution. Indie/alternative focus.",
      "tier": 1
    },
    {
      "name": "The Wire",
      "type": "magazine",
      "url": "https://www.thewire.co.uk",
      "political_lean": "N/A",
      "credibility": "high",
      "founded": 1982,
      "countries": "UK",
      "languages": ["en"],
      "specialty": "Experimental and avant-garde music",
      "notes": "Focus on experimental, electronic, and avant-garde music. High credibility in niche.",
      "tier": 1
    },
    {
      "name": "Resident Advisor",
      "type": "online_publication",
      "url": "https://ra.co",
      "political_lean": "N/A",
      "credibility": "high",
      "founded": 2001,
      "countries": "UK",
      "languages": ["en"],
      "specialty": "Electronic music",
      "notes": "Leading electronic music magazine and event guide. Global coverage of dance music culture.",
      "tier": 1
    },
    {
      "name": "Mojo",
      "type": "magazine",
      "url": "https://www.mojo4music.com",
      "political_lean": "N/A",
      "credibility": "high",
      "founded": 1993,
      "countries": "UK",
      "languages": ["en"],
      "specialty": "Classic rock, music history",
      "notes": "Focus on classic rock and music history. In-depth features and reviews.",
      "tier": 1
    },
    {
      "name": "Gramophone",
      "type": "magazine",
      "url": "https://www.gramophone.co.uk",
      "political_lean": "N/A",
      "credibility": "high",
      "founded": 1923,
      "countries": "UK",
      "languages": ["en"],
      "specialty": "Classical music",
      "notes": "World's leading classical music magazine. Reviews recordings and performances. High scholarly standards.",
      "tier": 1
    }
  ],

  "film": [
    {
      "name": "Variety",
      "type": "magazine",
      "url": "https://variety.com",
      "political_lean": "N/A",
      "credibility": "high",
      "founded": 1905,
      "countries": "USA",
      "languages": ["en"],
      "specialty": "Entertainment industry news",
      "notes": "Leading entertainment trade publication. Industry standard.",
      "tier": 1
    },
    {
      "name": "The Hollywood Reporter",
      "type": "magazine",
      "url": "https://www.hollywoodreporter.com",
      "political_lean": "N/A",
      "credibility": "high",
      "founded": 1930,
      "countries": "USA",
      "languages": ["en"],
      "specialty": "Film and TV industry",
      "notes": "Major entertainment industry publication.",
      "tier": 1
    },
    {
      "name": "Cahiers du Cinéma",
      "type": "magazine",
      "url": "https://www.cahiersducinema.com",
      "political_lean": "N/A",
      "credibility": "high",
      "founded": 1951,
      "countries": "France",
      "languages": ["fr"],
      "specialty": "Film theory and criticism",
      "notes": "Legendary French film criticism magazine. Influential in film theory. Auteur theory birthplace.",
      "tier": 1
    },
    {
      "name": "Sight and Sound",
      "type": "magazine",
      "url": "https://www.bfi.org.uk/sight-and-sound",
      "political_lean": "N/A",
      "credibility": "high",
      "founded": 1932,
      "countries": "UK",
      "languages": ["en"],
      "specialty": "Film criticism and theory",
      "notes": "Published by British Film Institute. High scholarly standards. Famous critics' poll.",
      "tier": 1
    },
    {
      "name": "IndieWire",
      "type": "online_publication",
      "url": "https://www.indiewire.com",
      "political_lean": "N/A",
      "credibility": "high",
      "founded": 1996,
      "countries": "USA",
      "languages": ["en"],
      "specialty": "Independent film, TV",
      "notes": "Focus on independent and international cinema. Strong festival coverage.",
      "tier": 1
    },
    {
      "name": "Film Comment",
      "type": "magazine",
      "url": "https://www.filmcomment.com",
      "political_lean": "N/A",
      "credibility": "high",
      "founded": 1962,
      "countries": "USA",
      "languages": ["en"],
      "specialty": "Film criticism and theory",
      "notes": "Published by Film Society of Lincoln Center. High-quality film criticism and theory. Focus on art cinema.",
      "tier": 1
    }
  ],

  "theater": [
    {
      "name": "American Theatre",
      "type": "magazine",
      "url": "https://www.americantheatre.org",
      "political_lean": "N/A",
      "credibility": "high",
      "founded": 1984,
      "countries": "USA",
      "languages": ["en"],
      "specialty": "Theater news, criticism",
      "notes": "Theatre Communications Group publication. National coverage of American theater.",
      "tier": 1
    },
    {
      "name": "The Stage",
      "type": "magazine",
      "url": "https://www.thestage.co.uk",
      "political_lean": "N/A",
      "credibility": "high",
      "founded": 1880,
      "countries": "UK",
      "languages": ["en"],
      "specialty": "UK and international theater",
      "notes": "Leading UK theater publication. Industry standard. Founded 1880.",
      "tier": 1
    },
    {
      "name": "Playbill",
      "type": "magazine",
      "url": "https://www.playbill.com",
      "political_lean": "N/A",
      "credibility": "high",
      "founded": 1884,
      "countries": "USA",
      "languages": ["en"],
      "specialty": "Broadway and theater",
      "notes": "American theater magazine and website. Focus on Broadway. Industry staple.",
      "tier": 1
    },
    {
      "name": "Dance Magazine",
      "type": "magazine",
      "url": "https://www.dancemagazine.com",
      "political_lean": "N/A",
      "credibility": "high",
      "founded": 1927,
      "countries": "USA",
      "languages": ["en"],
      "specialty": "Dance, performing arts",
      "notes": "Leading dance magazine in America. Covers ballet, modern, contemporary, and all dance forms. Industry standard.",
      "tier": 1
    }
  ],

  "literature": [
    {
      "name": "The Paris Review",
      "type": "magazine",
      "url": "https://www.theparisreview.org",
      "political_lean": "N/A",
      "credibility": "high",
      "founded": 1953,
      "countries": "USA",
      "languages": ["en"],
      "specialty": "Literary magazine",
      "notes": "Prestigious literary quarterly. Famous Art of Fiction interviews. High literary standards.",
      "tier": 1
    },
    {
      "name": "London Review of Books",
      "type": "magazine",
      "url": "https://www.lrb.co.uk",
      "political_lean": "N/A",
      "credibility": "high",
      "founded": 1979,
      "countries": "UK",
      "languages": ["en"],
      "specialty": "Book reviews, intellectual essays",
      "notes": "High-level intellectual discourse. Long-form reviews and essays.",
      "tier": 1
    },
    {
      "name": "The New York Review of Books",
      "type": "magazine",
      "url": "https://www.nybooks.com",
      "political_lean": "N/A",
      "credibility": "high",
      "founded": 1963,
      "countries": "USA",
      "languages": ["en"],
      "specialty": "Book reviews, intellectual essays",
      "notes": "Prestigious intellectual magazine. Long-form reviews and essays. High scholarly standards.",
      "tier": 1
    },
    {
      "name": "Bookforum",
      "type": "magazine",
      "url": "https://www.bookforum.com",
      "political_lean": "N/A",
      "credibility": "high",
      "founded": 1994,
      "countries": "USA",
      "languages": ["en"],
      "specialty": "Book reviews, literary criticism",
      "notes": "High-quality literary magazine. Focus on contemporary books and ideas. Edited by Albert Mobilio.",
      "tier": 1
    }
  ],

  "architecture": [
    {
      "name": "Dezeen",
      "type": "online_publication",
      "url": "https://www.dezeen.com",
      "political_lean": "N/A",
      "credibility": "high",
      "founded": 2006,
      "countries": "UK",
      "languages": ["en"],
      "specialty": "Architecture and design",
      "notes": "World's most visited architecture website. Online-native. Daily coverage of architecture and design.",
      "tier": 1
    },
    {
      "name": "ArchDaily",
      "type": "online_publication",
      "url": "https://www.archdaily.com",
      "political_lean": "N/A",
      "credibility": "high",
      "founded": 2008,
      "countries": "Chile",
      "languages": ["en", "es", "pt", "zh"],
      "specialty": "Architecture news, projects",
      "notes": "Most visited architecture website. Global coverage. Daily project features.",
      "tier": 1
    },
    {
      "name": "Architectural Digest",
      "type": "magazine",
      "url": "https://www.architecturaldigest.com",
      "political_lean": "N/A",
      "credibility": "high",
      "founded": 1920,
      "countries": "USA",
      "languages": ["en"],
      "specialty": "Architecture, interior design",
      "notes": "Leading architecture and design magazine. Focus on high-end residential design. Owned by Condé Nast.",
      "tier": 1
    }
  ],

  "independent_journalists": [
    {
      "name": "Heather Cox Richardson - Letters from an American",
      "type": "independent_journalist",
      "url": "https://heathercoxrichardson.substack.com",
      "political_lean": "LL",
      "credibility": "high",
      "countries": "USA",
      "languages": ["en"],
      "specialty": "History, politics, American democracy",
      "notes": "Professor of History at Boston College. 1.3M+ Substack subscribers. Daily historical context for current events.",
      "tier": 2
    },
    {
      "name": "Matt Taibbi - Racket News",
      "type": "independent_journalist",
      "url": "https://www.racket.news",
      "political_lean": "LL",
      "credibility": "high",
      "countries": "USA",
      "languages": ["en"],
      "specialty": "Investigative journalism, media criticism",
      "notes": "Former Rolling Stone journalist. Known for investigative reporting. Twitter Files contributor.",
      "tier": 2
    },
    {
      "name": "Bari Weiss - The Free Press",
      "type": "independent_journalist",
      "url": "https://www.thefp.com",
      "political_lean": "C",
      "credibility": "high",
      "countries": "USA",
      "languages": ["en"],
      "specialty": "Culture, politics, free speech",
      "notes": "Former NYT opinion editor. Focus on free speech and heterodox views. Controversial but credentialed.",
      "tier": 2
    },
    {
      "name": "Glenn Greenwald",
      "type": "independent_journalist",
      "url": "https://greenwald.substack.com",
      "political_lean": "L",
      "credibility": "high",
      "countries": "Brazil/USA",
      "languages": ["en"],
      "specialty": "Civil liberties, national security, investigative",
      "notes": "Pulitzer Prize winner (Snowden docs). Co-founder of The Intercept. Focus on civil liberties.",
      "tier": 2
    },
    {
      "name": "Seymour Hersh",
      "type": "independent_journalist",
      "url": "https://seymourhersh.substack.com",
      "political_lean": "L",
      "credibility": "high",
      "countries": "USA",
      "languages": ["en"],
      "specialty": "Investigative journalism, national security",
      "notes": "Pulitzer Prize winner. Broke My Lai massacre story. Legendary investigative journalist.",
      "tier": 2
    },
    {
      "name": "404 Media",
      "type": "journalist_collective",
      "url": "https://www.404media.co",
      "political_lean": "C",
      "credibility": "high",
      "founded": 2023,
      "countries": "USA",
      "languages": ["en"],
      "specialty": "Technology journalism",
      "notes": "Tech journalism collective. Subscription-based. Founded by former Vice Motherboard journalists.",
      "tier": 2
    },
    {
      "name": "Defector",
      "type": "journalist_collective",
      "url": "https://defector.com",
      "political_lean": "LL",
      "credibility": "high",
      "founded": 2020,
      "countries": "USA",
      "languages": ["en"],
      "specialty": "Sports, culture",
      "notes": "Worker-owned cooperative. Founded by former Deadspin staff. Sports and cultural commentary.",
      "tier": 2
    },
    {
      "name": "Drop Site News",
      "type": "journalist_collective",
      "url": "https://www.dropsitenews.com",
      "political_lean": "L",
      "credibility": "high",
      "founded": 2024,
      "countries": "USA",
      "languages": ["en"],
      "specialty": "Investigative journalism",
      "notes": "Founded by Jeremy Scahill (The Intercept co-founder). Focus on investigative reporting.",
      "tier": 2
    },
    {
      "name": "Casey Newton - Platformer",
      "type": "independent_journalist",
      "url": "https://www.platformer.news",
      "political_lean": "C",
      "credibility": "high",
      "countries": "USA",
      "languages": ["en"],
      "specialty": "Technology industry, Silicon Valley",
      "notes": "Former The Verge journalist. Focus on tech platforms and Silicon Valley. High-quality tech journalism.",
      "tier": 2
    },
    {
      "name": "Judd Legum - Popular Information",
      "type": "independent_journalist",
      "url": "https://popular.info",
      "political_lean": "LL",
      "credibility": "high",
      "countries": "USA",
      "languages": ["en"],
      "specialty": "Corporate accountability, politics",
      "notes": "Former ThinkProgress editor. Focus on corporate accountability and political accountability.",
      "tier": 2
    },
    {
      "name": "Andrew Sullivan - The Weekly Dish",
      "type": "independent_journalist",
      "url": "https://andrewsullivan.substack.com",
      "political_lean": "C",
      "credibility": "high",
      "countries": "USA",
      "languages": ["en"],
      "specialty": "Politics, culture, essays",
      "notes": "Veteran political writer and blogger. Former editor at The New Republic. Known for long-form essays on politics and culture.",
      "tier": 2
    }
  ],

  "global_networks": [
    {
      "name": "International Consortium of Investigative Journalists (ICIJ)",
      "type": "investigative_network",
      "url": "https://www.icij.org",
      "political_lean": "C",
      "credibility": "high",
      "founded": 1997,
      "countries": "global",
      "languages": ["en", "multiple"],
      "specialty": "Cross-border investigative journalism",
      "notes": "Panama Papers, Pandora Papers, Paradise Papers. Global network of 280+ journalists in 100+ countries.",
      "tier": 1
    },
    {
      "name": "Organized Crime and Corruption Reporting Project (OCCRP)",
      "type": "investigative_network",
      "url": "https://www.occrp.org",
      "political_lean": "C",
      "credibility": "high",
      "founded": 2006,
      "countries": "global",
      "languages": ["en", "multiple"],
      "specialty": "Organized crime, corruption investigations",
      "notes": "Global network of investigative journalists. Major cross-border investigations. Won multiple awards.",
      "tier": 1
    },
    {
      "name": "Global Investigative Journalism Network (GIJN)",
      "type": "investigative_network",
      "url": "https://gijn.org",
      "political_lean": "C",
      "credibility": "high",
      "founded": 2003,
      "countries": "global",
      "languages": ["en", "multiple"],
      "specialty": "Supporting investigative journalism globally",
      "notes": "Network of 200+ organizations. Training, resources, conferences. Promotes investigative journalism worldwide.",
      "tier": 1
    }
  ]
}
